line_id,industry_name,2019-Q2,2019-Q3,2019-Q4,2020-Q1,2020-Q2,2020-Q3,2020-Q4,2021-Q1,2021-Q2,2021-Q3,2021-Q4,2022-Q1,2022-Q2,2022-Q3,2022-Q4,2023-Q1,2023-Q2,2023-Q3,2023-Q4,2024-Q1,2024-Q2,2024-Q3,2024-Q4,2025-Q1,2025-Q2,2025-Q3,2025-Q4,2026-Q1
1,Gross domestic product,1.649955,3.563141,2.048407,-2.797982,22.061256,8.471424,1.816334,1.098192,1.111878,0.533489,1.004050,-0.124735,0.069365,0.662632,0.725499,0.779224,1.187222,1.420604,2.134807,0.270102,1.374631,1.885196,0.760956,-0.182607,1.804505,1.158653,0.132648,0.582517
2,Private industries,1.433048,4.637196,2.113619,-5.132964,11.374306,9.002190,1.858154,1.133683,1.112634,0.506267,1.017654,-0.158035,0.054807,0.702183,0.908139,0.951863,1.528222,1.697462,2.262395,0.229568,1.620810,2.063951,0.736749,-0.232228,3.012348,1.351034,0.541889,0.318154
3,"Agriculture, forestry, fishing, and hunting",-0.533240,-0.313758,0.477003,-12.412430,0.690069,1.763094,0.299463,-0.007556,-0.044606,0.135026,-0.648643,-0.145457,-0.045183,0.554245,0.844241,-0.805006,0.507685,0.528778,0.086710,10.858051,-1.702417,-0.445527,0.042862,-0.883665,0.020274,-0.891449,-0.760438,0.056765
4,Farms,-0.534094,-0.368086,0.137777,-1.671065,0.528530,1.382696,0.150684,0.300640,-0.059662,0.033122,-0.508008,-0.049583,-0.096342,-0.728282,0.716710,-0.849234,0.578949,0.555992,0.185850,20.911015,-2.289727,-0.249435,0.041984,-0.855096,-0.030189,-1.133857,-0.784129,0.050849
5,"Forestry, fishing, and related activities",1.092203,43.747475,21.283232,60.732946,8.701941,-332.138991,3.820674,-3.215085,-4.061395,0.273834,0.847290,-1.383787,-5.956128,1.689176,2.150214,1.559872,5.186513,1.213090,-26.335571,-2.347878,-0.949739,-5.157701,-0.005866,-1.140631,-10.654877,9.070182,7.408461,-0.666077
6,Mining,-1.479606,-0.367968,-1.706735,-0.247460,0.196037,-0.025410,-0.093709,-0.005502,-0.298908,-0.122523,-0.178963,-0.590095,-0.132798,-0.717847,-0.582115,-0.606322,-0.891820,0.699248,0.140407,0.821849,0.098786,-0.213757,0.625376,-0.444565,-0.463654,-4.488777,-0.419191,0.002325
7,Oil and gas extraction,-1.426162,-0.728797,-0.277232,-0.280823,0.005758,-0.045247,-0.125327,-0.116200,-0.443949,-0.242306,-0.239344,-0.666762,-0.107257,-0.636828,-0.620259,-0.533438,-0.961958,0.478883,-3.508077,1.070060,0.788822,0.019184,0.384853,-0.462712,-0.541422,-1.426865,-0.484105,-0.011439
8,"Mining, except oil and gas",-4.809386,-5.422078,-8.896415,-1.743835,0.505427,0.400241,0.389955,0.289868,-0.614473,-0.783597,1.343244,-0.306372,-0.617099,-0.549865,-0.677524,1.402574,0.136558,-0.924940,-0.511069,-0.940424,-1.159817,-3.170254,-0.634016,-0.315062,1.422135,3.313634,-0.748695,0.105740
9,Support activities for mining,-2.760377,13.981153,-10.938643,-35.816480,3.375507,-0.048714,0.270149,-1.235324,-5.657946,-4.673986,9.001032,0.697505,0.182536,14.882538,-2.039433,0.249228,-1.878348,0.193067,-0.626709,-0.720607,-0.371197,-0.668050,-1.154660,-1.976635,0.708836,-1.147131,-2.571448,0.234843
10,Utilities,-1.781804,0.144342,-1.321645,0.616903,0.535188,1.622283,-0.971503,-0.287601,-0.283340,2.096407,0.525984,-0.038517,-0.066289,-0.534772,-0.417838,-7.941743,-1.187132,-0.883603,-0.473804,-0.045427,50.822860,0.279136,-1.744794,-0.493856,-0.925270,-732.320881,-0.381205,-2.794710
11,Construction,0.378451,0.576055,-0.456203,-1.157609,38.995156,-19.542878,-10.131975,2.407267,-2.386716,-0.724535,-0.428453,0.947301,-0.755606,-0.572019,0.008616,0.545887,1.445630,-16.887805,0.857950,9.621352,5.063498,0.442097,-5.460022,0.248651,-1.454788,-0.416320,-0.916485,0.867468
12,Manufacturing,46.497509,-1.548392,-0.707820,10.008390,8.959823,-32.502455,-5.271982,0.769334,0.660252,-0.101912,1.018912,-0.622286,-0.315593,-0.634302,0.115454,-1.004948,-2.088777,2.702955,-2.114573,-3.539229,-1.988691,-2.130899,-1.902074,1.364052,-2.381219,0.635116,-0.745099,-4.746512
13,Durable goods,4.055661,5.324810,-0.870636,-17.403775,-27.064520,-87.875285,-2.105724,-1.758606,1.230557,-2.018529,1.096545,-0.163878,-0.048718,-0.359131,-0.041323,-0.777769,1.166271,0.465778,1.438539,-2.994330,-112.734103,19.346297,6.073572,-2.020501,-1.359426,12.028780,0.151361,7.112721
14,Wood products,-0.199541,-1.906214,-18.772516,1.546247,-4.293563,1.180171,-0.342225,0.101184,-0.472719,-0.222012,0.466735,-0.533209,0.592421,-1.051196,-0.876926,-0.090182,0.828333,6.280364,-1.467507,-5.937561,-2.203081,-1.430115,51.884552,20.245293,-0.670751,-4.587963,-3.209845,-2.704674
15,Nonmetallic mineral products,0.753914,1.244025,-1.649520,-2.133512,-2.780756,-7.790616,-7.537002,0.832743,-1.349307,-0.669428,3.127000,-0.949292,-1.335474,-0.891897,-0.510184,-0.711875,-0.706906,-0.060413,-0.452574,-1.357377,1.598510,1.492083,0.790182,12.165237,-0.268645,2.709499,-6.569823,1.580499
16,Primary metals,-0.780962,-1.046864,-0.487883,-0.814661,2.317670,-2.083105,-0.519225,-0.442370,-0.242448,-0.286373,-0.537525,-1.312014,-0.910281,-0.897003,-1.033263,-0.794823,-0.690865,-1.437923,-0.896897,-2.032037,-0.835743,-0.823647,-1.180752,-0.940652,-1.052941,5.347426,-0.135873,-0.071372
17,Fabricated metal products,-0.441679,-0.193697,-1.055416,-1.672918,-9.985862,-24.858718,-1.334256,-0.879353,-9.279198,0.102658,0.941193,-0.508843,-0.461761,-0.457425,-0.243881,-0.804086,-1.967756,0.191799,0.687441,-6.081574,-0.584531,-0.337898,-3.912531,-8.775806,-0.193806,9.230672,-14.750134,-0.767157
18,Machinery,-0.525439,-0.780467,-1.539806,-3.456254,-17.034754,28.570909,-3.087098,-1.535056,-1.188555,1.882497,1.935677,-0.665631,-0.736103,-0.342005,0.001192,-0.437991,-0.191675,0.442014,1.570652,-1.418621,0.670225,-0.878448,22.398270,-0.605993,-0.863606,0.378894,-18.187389,-3.921059
19,Computer and electronic products,-2.336756,5.951781,-56.385795,-0.951376,-126.540505,-410.881102,-8.256504,-2.780750,-5.896908,-59.306401,2.460181,-0.401675,-0.759747,-2.251310,-1.524654,-0.904943,9.961579,-0.121152,0.832014,-1.397270,0.898589,2.187014,-1.190489,2.574407,428.948309,0.166519,-0.216517,-0.254294
20,"Electrical equipment, appliances, and components",1.090944,-3.639494,-0.705814,5.495364,-14.935442,14.031066,-3.646021,-1.900428,-0.743383,-0.688336,-0.079504,-0.361734,-0.411572,-0.663452,-0.441162,-0.324126,3.497141,-0.631495,2.768906,12.818824,0.980459,1.328693,-1.485492,0.020448,1.456074,0.054585,-1.732251,-0.614822
21,"Motor vehicles, bodies and trailers, and parts",-3.016663,-0.487575,-1.741230,6.504793,-29.516319,-96.694051,0.438593,1.062341,-0.226634,0.052477,-2.295204,-4.753627,3.998395,-0.308053,-0.832436,-0.996317,-6.372594,-1.055506,-1.668679,-1.386091,-4.286192,-2.705974,42.716036,-0.032177,-0.756739,-1.946365,-5.441723,-2.228085
22,Other transportation equipment,-4.831587,-3.883090,-12.213957,-3.917205,-17.797895,-73.421685,4.355058,-0.790824,-8.073315,-2.141658,-8.338619,-1.679691,-1.051312,1.524097,4.175314,-0.135849,10.345096,-0.595105,0.757227,-25.717917,13.302388,6.791434,-20.899102,-11.967638,-2.355314,-20.118127,0.581914,37.200438
23,Furniture and related products,-0.763151,-0.982676,-1.033881,-1.130751,-18.719095,-6.690512,-3.436301,1.299280,-1.615859,0.463823,0.179769,0.897256,-0.554124,-0.698706,-0.801110,-1.453182,-1.367654,-5.596053,-0.042208,0.225097,0.055712,-0.969518,-1.981282,-0.927888,-0.852250,-0.541947,0.900733,-1.686499
24,Miscellaneous manufacturing,4.227621,-1.143479,-0.708052,-7.779703,-2.286342,-502.494233,-4.601150,-2.474101,2.469778,-1.259396,-11.584499,-1.620597,-0.602727,-0.227966,-1.085860,-0.206782,3.378730,0.938724,0.129046,-0.604628,-1.834089,2.771454,-16.664681,-2.446755,9.835048,1.123998,0.157087,0.639402
25,Nondurable goods,-27.300448,-1.665681,-0.652179,3.964875,1.850460,-13.167564,5.176408,0.100786,0.548354,0.329219,0.955026,-0.898106,-0.390546,-0.267850,0.281739,-1.121891,-0.612042,7.554006,-0.935761,3.650796,-1.392096,-0.441701,-0.631759,0.996928,-4.817714,-0.056483,-1.046232,-1.240212
26,Food and beverage and tobacco products,0.052421,1.793456,-1.124014,-1.238178,-0.731503,-1.719869,-1.684559,0.250304,-1.887299,-2.845811,-2.777632,-0.123811,-2.255728,0.298521,4.980167,-0.171498,-1.017294,3.341202,-0.306159,-0.839756,-0.434947,-1.744678,-1.974724,0.068291,-0.350559,-0.925540,-0.159234,-0.697191
27,Textile mills and textile product mills,1.443786,1.019225,-1.610851,-1.247929,-41.164992,-14.303753,-12.063962,-5.879222,3.312971,-3.090033,-0.703195,-1.732562,-1.284395,-1.137678,-2.036183,-1.682110,-4.545195,0.659544,-0.482299,-1.985561,-2.045566,-3.599713,-2.010428,-11.098625,-13.519432,-0.031799,-0.138538,-1.794045
28,Apparel and leather and allied products,-45.090839,-22.522784,-42.158484,-22.171592,11.102793,72.690307,1.715840,5.184746,12.179468,22.523503,-4.473844,-4.469394,12.518234,-0.011510,2.151746,-1.560578,-6.796303,-1.487889,3.513924,0.209449,5.543658,3.022239,-3.384176,-0.848387,0.901158,-0.534200,-1.626055,-0.768130
29,Paper products,-2.466049,-1.741021,3.207344,-2.111806,-0.068558,-4.089405,-1.518362,-2.929867,-7.767095,0.250939,-0.669632,-0.063347,-0.541547,-1.533119,-0.351474,0.517979,-0.704369,-1.007787,3.006684,3.999010,2.553079,-1.376824,0.031321,11.370969,-0.689944,11.449135,-11.796441,-1.191571
30,Printing and related support activities,-0.438546,1.580263,-2.441601,-4.428805,-294.391253,-7.625859,17.157029,-38.374904,-1.741429,-1.880700,-0.184403,-0.821631,-0.801246,-0.281801,-0.662880,-1.052455,-0.737724,-5.932967,-1.731326,-0.436119,0.831556,0.310361,-0.869125,-0.684101,-1.807203,-1.955070,-0.981711,2.217130
31,Petroleum and coal products,-3.364139,1.093095,-1.035628,5.472466,0.108454,-0.054834,-0.460067,0.313231,-13.815566,-0.205340,0.049090,-0.450983,0.002284,-0.549110,-1.168143,-6.624754,-0.986195,1.050331,-0.412689,1.532965,-0.989147,0.937988,-0.909855,0.196710,-0.408247,-0.405753,-0.635059,-0.873677
32,Chemical products,9.084071,-1.914887,-0.125243,10.139850,-1.566337,2.922829,2.849522,-0.380048,0.485369,0.820679,2.318657,-3.816113,-0.902378,-113.590606,-8.967920,-47.387292,-1.462948,-1.532627,-7.653239,-1.805472,11.062165,15.651589,-1.659013,-23.925597,-17.501797,10.689603,36.609416,2.501567
33,Plastics and rubber products,-3.377483,-7.881558,-0.751543,-13.920205,-5.181848,-3.548534,-1.031780,-0.612936,-1.812459,-0.142204,0.161561,-0.675273,-0.833604,-0.749925,-0.455448,-0.270135,0.006151,3.140786,4.163025,-0.761814,-2.236719,3.152584,0.067153,-0.249745,-5.119230,3.321637,2.405790,-1.462363
34,Wholesale trade,-0.695604,12.515031,10.795315,-1.435119,10.767892,12.472188,-1.228689,-0.432869,-0.282103,-0.631920,0.657519,-0.090271,-0.375659,8.154730,1.666915,-0.709166,-0.921200,-0.182050,-0.353010,-0.456817,0.804610,0.886380,0.089060,-0.339015,0.151585,0.711792,10.957038,-0.450745
35,Retail trade,0.862331,4.171403,-0.761755,-1.152414,-3.210135,2.080669,7.293221,2.642259,-0.432058,-1.479541,0.429321,-0.814726,3.722881,9.305499,-8.616814,-2.497829,0.798325,-2.520294,-1.671367,-1.165090,1.091706,-1.879607,-1.295188,-0.586740,-0.560304,16.848506,-9.235313,-0.542468
36,Motor vehicle and parts dealers,0.144526,-1.979513,0.518190,-2.675369,24.768674,-0.016413,39.834471,-8.237505,-0.510432,-1.236186,-0.286159,-0.461958,0.955098,0.631286,-1.384687,-1.251116,-1.296944,-1.434330,-1.210327,-1.081519,-0.849978,-1.505191,-5.734549,-0.595071,-0.573586,-1.357208,-0.779126,-1.491961
37,Food and beverage stores,0.117574,-3.383594,-0.093416,1.049458,2.157796,-4.634004,2.321297,2.992118,-2.382881,-1.457671,0.160124,-0.793373,-0.927889,-0.192064,-0.420903,-0.036867,-0.456907,2.216065,0.090353,-1.268233,-1.208782,-1.227360,0.589492,-1.158878,11.398863,-1.820238,-4.644219,-0.787884
38,General merchandise stores,0.228298,3.963791,-10.171284,-0.962729,-12.072742,-9.023180,1.510452,6.810622,-0.192175,2.438537,-0.943788,0.038854,-1.684553,-0.418126,0.561112,-0.305043,-0.807676,-2.320626,-1.415026,0.260121,-0.417673,-1.509233,-0.687229,0.693093,-0.664406,-695.771817,0.077583,-0.777104
39,Other retail,2.624296,0.734504,-1.050403,-1.032827,-2.942929,6.561424,-2.366312,0.964385,-0.344897,-3.944791,-2.415122,-1.170704,-2.927804,-2.446853,6.060823,0.533272,-0.777279,-5.435944,-0.019189,-35.497398,-0.274933,-7.193397,-3.629516,3.889422,-0.660752,1.159503,0.319436,-0.571184
40,Transportation and warehousing,1.110647,1.650567,-0.818808,0.947767,10.443906,-7.156332,2.224059,-59.335894,0.521620,0.611933,0.552208,-0.501821,-0.164463,0.136938,-2.532747,0.309230,-1.644847,-0.153582,1.808977,0.493847,0.330171,4.357360,-1.593089,-0.618109,-1.583083,12.306856,-0.975941,-0.133304
41,Air transportation,2.258788,2.322219,5.567766,0.558370,11.686072,-0.602710,-1.509180,-10.175017,1.392903,1.232380,,-0.745358,0.557832,0.522675,-2.898374,0.756765,0.215704,0.574772,-2.266256,0.448227,-2.105834,-2.209441,-0.771289,-2.860663,11.099182,1.575247,1.254212,0.702213
42,Rail transportation,-0.359809,-2.613297,-8.520097,-1.140250,43.494741,-3.245711,4.383860,-8.482348,-18.837366,-0.839373,2.105902,-0.869136,-0.041239,-0.345011,-0.055275,-0.395663,0.226482,-0.438187,0.148298,1.276502,-4.460078,-2.387712,0.249485,-1.877847,-5.909451,-1.191868,-41.640945,-2.257065
43,Water transportation,-1.588779,-0.727371,-2.737037,-1.171575,1.677763,-0.973910,-4.654359,0.293716,0.882116,1.600236,1.083417,-13.279638,-3.300248,-0.719387,-2.536556,-1.858155,-7.319032,-0.361814,-0.747082,-1.054831,1.394330,-0.156936,-0.301219,-0.797860,-1.431408,-1.485632,-1.724531,-1.016572
44,Truck transportation,-2.831965,-10.567063,-2.939357,-3.045486,3.681334,2.178602,-0.088862,2.652478,1.985600,0.366770,0.532980,-0.719704,-0.741107,-1.093930,-1.839434,-1.006327,-0.328335,0.038148,0.499598,-0.933427,1.404536,-1.416733,-1.191032,-0.929352,-0.612219,-0.352662,-1.453000,-0.173208
45,Transit and ground passenger transportation,-3.350749,-6.777928,106.936421,2.864014,10.161318,-5.988530,4.355400,-1.663683,5.628891,-5.186655,-1.602159,5.600954,5.235578,-54.757955,4.606984,-10.527335,23.173447,1.186128,-5.784701,-2.018938,1.848419,-1.706315,-2.263300,-2.249282,-7.636821,-1.887197,-1.566294,-0.841077
46,Pipeline transportation,-2.735730,-1.412516,-1.494270,-0.480846,-6.509900,7.707449,-1.463198,15.860001,26.684051,-0.202009,-0.395306,-1.230581,-3.587298,-0.848971,0.324022,2.386127,-1.922426,-1.229089,-3.462286,-3.663752,-1.840112,-19.774767,-0.902570,9.122370,-0.527739,-1.950049,0.191184,-0.717837
47,Other transportation and support activities,-0.216483,0.267451,0.591204,-2.189606,1.318172,-3.939526,-0.430017,5.717100,-0.700938,-0.302344,-0.280386,0.814273,-0.372751,-1.064241,-1.000489,-0.412844,-0.839749,-0.727929,-0.744366,-0.946477,-0.460039,0.778255,-0.449404,-0.487176,-1.110188,2.109751,-1.656966,-13.199122
48,Warehousing and storage,45.710650,0.430629,-10.066957,-29.834083,3.142545,-28.169558,4.205135,-6.055905,2.921245,1.537337,-0.262377,-0.009085,0.865129,-0.125465,-1.754081,-0.903056,-2.262676,-3.985124,2.991560,-0.420258,-0.424024,-2.875588,1.239886,-0.906957,-0.986525,-0.908081,-0.173609,-0.830548
49,Information,66.032805,-12.492759,23.303779,-2.403248,0.505640,-17.470738,1.784245,-4.879403,-3.837621,-2.647439,-5.638482,2.197925,-11.078115,-7.432206,7.195658,-24.835438,7.968461,-4.932135,6.234683,0.523320,1.372642,6.569013,3.462798,-1.314071,-2.943901,4.368268,3.238053,-1.943477
50,"Publishing industries, except internet (includes software)",2.662413,15.606361,-1.613684,-12.669090,1.063431,-9.352076,8.362362,-3.584961,-12.410110,-3.102230,-32.912032,0.327550,-6.137064,-756.795878,-3.337265,0.858517,-6.155825,4.250577,-5.458972,1.683253,0.566543,0.173984,-0.285660,-2.532947,-1.651748,0.315466,0.358325,-1.598839
51,Motion picture and sound recording industries,-4.967141,0.362440,0.423460,-3.099796,4.567562,10.729446,0.108992,-0.231748,-17.609397,-21.276959,-12.550911,-2.228423,2.383150,-0.830511,-2.151626,0.586317,1.425060,-9.980524,0.815454,-1.142787,-3.629957,2.670997,-5.526419,2.039672,9.415785,1.516441,-13.868674,-0.462498
52,Broadcasting and telecommunications,-12.675665,-6.143379,-1.372166,-3.042966,-0.345916,3.568837,-0.845754,53.965085,-1.055156,-0.326007,-1.930403,-8.306365,-5.045148,-1.432062,-0.276281,-4.089240,0.684111,-1.850593,-1.339069,-1.158034,-5.513197,1.882143,0.143196,-0.357211,-4.200080,-1.211502,0.310772,-1.127681
53,"Data processing, internet publishing, and other information services",-1002.666590,12.669058,9.169541,-3.862086,1.681374,-6.201390,10.749659,-25.264335,-4.969480,-3.450489,-7.910787,-6.478071,-2.575256,-5.139154,2.165348,-2.022801,14.723424,-3.792580,2.508232,-6.010116,4.796759,-2.500855,-9.209428,-2.605904,35.597684,-12.134658,-55.181011,-9.231484
54,"Finance, insurance, real estate, rental, and leasing",0.622496,1.192897,11.444932,-1.043390,1.970431,3.123163,3.715614,1.638624,2.311563,2.268901,3.039023,0.282869,0.275207,0.276993,-0.255838,0.558468,-0.142797,0.937685,0.271337,-0.185075,1.003532,0.142004,1.028511,1.300143,3.444853,0.647670,0.149351,-0.045470
55,Finance and insurance,0.634625,0.888957,-6.112934,-1.816389,-1.934178,1.532078,9.760155,-0.726978,1.252208,1.682512,2.307492,-0.735613,-0.432380,0.060480,-1.266830,0.808991,-1.082211,3.505723,0.183398,-0.449479,0.957982,-0.205804,0.355363,0.161515,7.222726,0.788303,0.026142,-0.425827
56,"Federal Reserve banks, credit intermediation, and related activities",-5.811991,-4.390666,-3.206696,2.325076,0.495234,-2.399070,-3.680376,-5.245721,0.295055,0.297542,-0.214032,-0.511248,-0.545566,-0.888019,-1.423144,12.197360,-1.441110,-2.426669,0.321318,-0.599904,1.272151,-0.636534,0.700921,-5.533425,1.263913,0.471049,0.031790,-1.270027
57,"Securities, commodity contracts, and investments",-1.408215,-1.927716,-2.883982,-0.218242,-1.337329,-0.957095,1.290241,-0.545628,1.790417,5.099124,-11.518560,1.499504,-0.573603,-1.535360,0.804539,-0.673218,-0.711901,-0.457460,-1.264498,-0.199464,-0.127362,-0.612160,-0.338216,0.114562,-2.623355,0.008540,-0.174399,0.347670
58,Insurance carriers and related activities,5.538766,2.202952,2.211941,-2.243379,-3.295907,9.033257,1.090873,-0.357311,1.578611,274.540600,10.959408,1.979933,-44.212384,5.072952,-0.895482,-0.322412,-0.571384,1.154005,-1.115732,-0.409366,3.743782,0.473806,0.036480,-0.772786,1.262525,2.712707,-0.132636,-1.627163
60,Real estate and rental and leasing,0.608194,1.299541,0.855491,0.199783,-9.929822,3.818793,1.196844,8.507495,3.981337,2.540256,3.902084,1.447756,0.714750,0.454491,0.376867,0.446864,0.325034,0.495121,0.315399,0.142645,1.062327,0.744950,3.206942,9.220805,1.833805,0.390373,0.378257,0.513941
61,Real estate,0.236968,0.681404,0.665390,-0.020627,-1.923683,2.270025,1.057451,34.929570,8.212946,2.507631,4.839328,1.578900,0.940620,0.377862,0.350780,0.304631,0.193365,0.269090,0.422493,0.143856,0.874106,0.769603,3.054562,15.495839,1.327137,0.399375,0.401902,0.643129
64,Rental and leasing services and lessors of intangible assets,-92.492938,-96.637881,4.538693,4.745051,9.898283,18.341138,2.529879,-0.447239,1.161136,2.718295,0.593656,0.655231,-0.162885,1.655419,0.819439,1.651484,19.084799,-5.716003,-2.318739,0.102102,5.622668,-0.052449,-4.772698,0.445991,7.664145,0.141174,0.214286,0.106887
65,Professional and business services,5.394368,11.354676,2.012768,1.597414,-90.762273,63.069219,12.832250,-32.405113,-5.377631,-11.502326,8.766734,1.365961,4.645673,2.250995,2.997542,0.176363,0.322088,0.277565,1.153117,0.404035,0.446239,1.063261,0.713828,0.660811,12.983819,1.242272,0.236391,3.498040
66,"Professional, scientific, and technical services",112.653438,173.651001,4.319245,2.064818,-32.954730,-83.166118,3.522657,-8.069358,-3.972331,-9.838473,6.779875,0.911794,2.337974,2.485808,3.914860,0.615156,1.518251,1.005415,1.188925,0.905184,0.548026,2.015826,1.915639,2.284919,-8.114318,2.261906,0.312334,-6.434329
67,Legal services,0.475466,1.310338,-0.971661,-2.954092,-3.865834,0.189454,8.818318,-10.164343,-0.914602,4.679581,-0.081899,0.544110,-0.263109,-1.313784,-0.588606,-0.084346,0.014091,-1.072692,0.380467,-0.482490,1.080965,-0.557536,-0.512920,-0.571046,0.266018,1.848709,-0.267941,-0.620203
68,Computer systems design and related services,-3.664367,-0.495496,-0.959223,-3.684306,1.625360,-4.594811,-6.360271,-2.163186,-3.511093,-3.136678,-2.438059,-1.175494,-4.851117,1.380793,-2.503469,0.434269,-2.780062,-0.714244,-4.190757,-2.343220,0.618666,1.077493,-66.221972,-1.285892,-1.512704,0.272150,4.933736,-0.839128
69,"Miscellaneous professional, scientific, and technical services",-14.654114,-15.884607,2.721884,-0.232899,-70.195904,-17.701134,0.986598,7.249745,-3.078347,-10.023917,6.697766,0.017188,2.111304,6.690734,2.901366,0.911801,0.581004,1.331145,0.482685,0.259899,0.065789,187.382189,9.646078,0.891535,0.836240,10.131124,0.023402,3.604228
70,Management of companies and enterprises,-62.865412,0.206857,-2.546387,-0.239574,0.954315,-24.182564,-16.655055,5.741994,-12.318578,0.688305,-6.638613,1.367037,-2.535335,9.446577,-1.280745,-0.545887,-0.218674,1.951476,-9.475502,232.204994,-0.125892,0.680346,0.158126,2.573515,-2.308735,-0.193929,-0.174573,0.045102
71,Administrative and waste management services,0.617983,0.892235,-0.091301,-9.724397,-16.902668,15.572461,-23.103551,5.701460,4.017541,12.333717,4.144625,1.920256,-0.233666,1.259525,0.487628,-0.205593,-0.377419,-1.077037,-0.193387,-0.565868,2.074879,0.108249,0.388402,-0.385269,-0.111859,1.806810,0.258370,0.431971
72,Administrative and support services,0.670781,1.228477,-0.039402,7.030221,-16.692689,16.750121,-10.810200,6.404563,1.737196,8.741974,4.010493,1.973316,-0.356934,2.678104,0.784496,-0.205716,-0.321145,-1.187425,-0.210514,-0.666144,-36.190674,-0.108302,0.527757,-0.145334,-0.126471,2.708421,0.281800,0.652175
73,Waste management and remediation services,0.316853,-0.207827,-0.323553,-0.415667,-21.478561,9.364700,0.775708,0.796494,-2.379163,-3.005084,5.945211,-0.371391,0.665104,-0.606687,-0.230667,-0.196408,-0.594724,-0.607379,-0.134884,-4.614613,-0.375416,2.126174,-0.080776,-1.065328,0.657274,-0.321768,0.413696,-0.531827
74,"Educational services, health care, and social assistance",2.624417,1.328344,0.477921,-1.282789,-17.489266,26.449072,9.752434,-0.921656,-13.634452,2.402147,2.238484,4.977585,3.601353,1.373606,0.454060,2.055669,0.358408,1.346620,1.309251,0.756458,2.732108,1.749669,1.505534,1.377186,1.147627,2.534070,1.410646,0.529826
75,Educational services,2.379768,0.712070,-0.525943,-1.547845,-19.390457,9.543160,-5.913492,2.233018,3.945993,4.371105,2.400518,-85.758970,18.784143,1.938154,0.559637,-0.221412,0.467419,0.407771,1.729538,0.452300,0.807168,1.515983,1.861433,-1.083455,-1.074037,0.868348,0.208329,-0.655522
76,Health care and social assistance,2.673951,1.442411,0.689028,-1.217408,-17.243026,29.411399,34.037184,-1.186479,-4.371269,1.977464,2.220669,4.231686,2.661871,1.287825,0.439926,2.558678,0.343574,1.453576,1.262723,0.792140,3.050619,1.793697,1.450804,1.847407,1.509490,3.112146,1.601808,0.623536
77,Ambulatory health care services,3.010472,1.838220,0.446685,-6.094014,-25.676452,52.366055,55.393027,-1.047836,-11.815494,1.657066,5.015075,9.080014,-0.945274,10.489300,1.490519,-90.757649,0.881985,4.075555,4.985760,0.739338,7.289544,1.956184,0.944594,16.987637,1.038488,1.845174,5.637329,0.039790
78,Hospitals,1.759266,1.362779,0.449640,-1.994627,-21.140168,27.905847,-43.955875,-1.142135,1.732878,3.371387,0.551647,-0.602599,0.179035,0.885971,-0.248518,0.169401,0.050623,0.584117,0.234612,0.387542,1.106607,1.244515,2.847640,0.492433,2.458984,22.311302,1.560759,-26.217256
79,Nursing and residential care facilities,2.716358,0.812078,1.631375,1.141985,-3.931359,-2.493632,1.314796,-2.948420,-1.899495,4.326902,2.135355,43.787855,3.150937,0.047412,-0.094848,0.064016,0.095647,0.323710,0.351653,0.721070,10.983527,2.804463,1.207305,0.429069,0.372363,8.974073,0.908059,-0.060944
80,Social assistance,6.005026,1.307650,0.950776,-0.096583,-7.293363,23.199308,27.237078,-1.687898,-3.971215,-0.639260,1.175142,-15.504713,2.264602,-0.008465,0.613228,0.066469,0.002296,1.284472,0.967803,2.075423,3.320720,2.195730,1.373192,1.027026,4.480814,2.323898,-0.461946,1.405277
81,"Arts, entertainment, recreation, accommodation, and food services",0.471661,3.473455,0.251964,-20.924585,235.861512,103.565311,1.333551,5.574932,65.323641,1.352631,0.017037,-1.036655,13.462460,0.839696,-0.212801,0.911482,-0.261038,1.549225,-0.212261,-0.220709,0.460651,0.521398,-0.007007,-0.931373,-13.072288,18.142527,0.108460,0.100813
82,"Arts, entertainment, and recreation",0.443073,10.146702,1.733691,-6.656932,-125.351463,115.669691,-42.542571,-4.707434,6.285154,3.359960,1.933115,2.794313,-6.626311,3.018195,1.238114,0.393736,-0.321931,-0.261838,-0.417619,-0.277384,-11.667374,2.503847,0.253244,0.009650,5.466165,-2.124400,0.359380,0.318263
83,"Performing arts, spectator sports, museums, and related activities",-0.046764,-40.650893,2.304701,-7.022278,-59.864388,-86.173462,-51.162978,-2.289019,-0.455230,4.984430,1.481384,15.545166,-4.094630,24.076387,2.005203,1.100263,-0.876660,-0.660549,-0.489308,-0.653398,-6.055932,16.343097,0.281917,0.125441,30.558736,-1.415601,-1.025914,0.277341
84,"Amusements, gambling, and recreation industries",2.198475,1.169307,0.903542,-6.283501,173.238940,51.354799,-3.988459,-56.778126,28.362549,1.344416,2.664390,-3.535465,224.046851,0.419705,0.815181,-0.375425,-0.006371,2.402998,-0.234821,3.237285,1.193886,-0.747789,0.113193,-0.200999,1.929245,0.476302,-0.283121,0.465541
85,Accommodation and food services,0.477635,2.010021,-0.948821,-87.301860,103.150116,102.638116,-0.760760,2.180354,-2541.165437,1.062345,-0.340112,-1.315690,4.763010,0.329283,-0.351520,1.280802,-0.248981,1.974721,-0.029028,-0.175055,-0.429247,-0.168444,-0.122071,-1.671261,-4.060276,1.199353,0.096468,-0.037292
86,Accommodation,-0.059573,7.452646,1.915133,1.444584,5.456080,-18.933426,-3.120839,1.061609,27.701410,0.724512,-0.243641,-1.547772,2.192850,-42.060731,-0.237596,-2.750247,-0.704245,2.947104,-3.387908,-3.635457,-0.922371,-1.107149,0.293530,-0.440617,-1.421444,0.131891,-0.683885,0.094219
87,Food services and drinking places,0.797593,1.115781,-1.417064,-5.846839,-12.987883,22.128768,1.133751,3.433881,-46.600870,1.474914,-0.396064,-0.665107,12.134917,-0.167531,-0.397748,0.427325,-0.091127,1.728535,-0.359085,-0.605006,0.381644,-0.365537,-0.507084,-2.767937,-0.501664,1.613812,1.182941,-0.099643
88,"Other services, except government",0.359951,2.254260,0.559271,-2.327570,-19.365100,23.312672,-0.696361,-1.968557,13.882745,1.415877,-0.010696,0.940718,0.591152,0.018207,-0.129451,-0.728234,-0.747983,-0.769856,0.612240,-0.156601,-0.080722,1.688602,-0.035280,-1.374582,-0.699527,0.617405,-0.112205,0.067446
