Line,Chain-Type Quantity Indexes for Value Added by Industry,2021,,,,2022,,,,,Line,Chain-Type Price Indexes for Value Added by Industry,2021,,,,2022,,,,,Line,Growth (%ΔQ),2021,,,,2022,,,,,Line,Growth (%ΔP),2021,,,,2022,,,,,Line,Q vs P Growth (%ΔQ/%ΔP),2021,,,,2022,,,,,,,,,
,,Q1,Q2,Q3,Q4,Q1,Q2,Q3,Q4,,,,Q1,Q2,Q3,Q4,Q1,Q2,Q3,Q4,,,,Q1,Q2,Q3,Q4,Q1,Q2,Q3,Q4,,,,Q1,Q2,Q3,Q4,Q1,Q2,Q3,Q4,,,,Q1,Q2,Q3,Q4,Q1,Q2,Q3,Q4,,,,,,
1,        Gross domestic product,118.225,120.243,121.033,123.085,122.58,122.403,123.383,124.17,,1,        Gross domestic product,116.199,117.974,119.763,121.758,124.209,126.914,128.276,129.502,,1,        Gross domestic product,0,0.017069148,0.006570029,0.016954054,-0.004102856,-0.001443955,0.00800634,0.006378512,,1,        Gross domestic product,0,0.015275519,0.015164358,0.016657899,0.020130094,0.02177781,0.010731677,0.009557517,,1,        Gross domestic product,0,1.117418539,0.43325467,1.017778622,-0.203817018,-0.066303957,0.746047429,0.667381779,,,,,,
2,Private industries,120.253,122.451,123.181,125.539,124.895,124.694,125.798,126.622,,2,Private industries,115.451,117.415,119.302,121.436,124.09,127.001,128.312,129.555,,2,Private industries,0,0.01827813,0.005961568,0.019142563,-0.00512988,-0.001609352,0.008853674,0.006550184,,2,Private industries,0,0.017011546,0.0160712,0.017887378,0.021855134,0.02345878,0.010322753,0.009687325,,2,Private industries,0,1.074454388,0.370947293,1.070171509,-0.234721968,-0.068603391,0.857685298,0.676160227,,,,,,
3,"    Agriculture, forestry, fishing, and hunting",120.297,116.522,115.113,116.372,116.392,112.477,111.985,112.451,,3,"    Agriculture, forestry, fishing, and hunting",80.743,101.789,107.458,104.974,126.864,144.65,147.49,150.012,,3,"    Agriculture, forestry, fishing, and hunting",0,-0.031380666,-0.012092137,0.010937079,0.000171863,-0.033636332,-0.004374228,0.004161272,,3,"    Agriculture, forestry, fishing, and hunting",0,0.260654174,0.055693641,-0.023116008,0.208527826,0.140197377,0.019633598,0.017099464,,3,"    Agriculture, forestry, fishing, and hunting",0,-0.120391957,-0.217118812,-0.473138751,0.000824171,-0.239921268,-0.222792967,0.243356839,,,,,,
4,        Farms,118.669,114.967,112.471,113.13,113.037,108.676,107.413,107.402,,4,        Farms,75.75,100.607,107.153,104.285,129.449,149.525,152.522,155.873,,4,        Farms,0,-0.031196016,-0.021710578,0.005859288,-0.000822063,-0.038580288,-0.011621701,-0.000102408,,4,        Farms,0,0.328145215,0.065065055,-0.026765466,0.241300283,0.155088104,0.020043471,0.021970601,,4,        Farms,0,-0.095067715,-0.333674932,-0.21891224,-0.003406805,-0.248763682,-0.579824782,-0.004661159,,,,,,
5,"        Forestry, fishing, and related activities",117.055,112.883,115.615,119.058,119.657,118.79,123.149,126.556,,5,"        Forestry, fishing, and related activities",116.49,116.317,117.89,118.673,120.398,120.056,121.274,120.962,,5,"        Forestry, fishing, and related activities",0,-0.035641365,0.02420205,0.029779873,0.005031161,-0.007245711,0.036695008,0.027665673,,5,"        Forestry, fishing, and related activities",0,-0.001485106,0.013523389,0.006641785,0.014535741,-0.002840579,0.010145266,-0.002572687,,5,"        Forestry, fishing, and related activities",0,23.99920595,1.78964389,4.483715467,0.34612348,2.550786759,3.616958851,-10.75361174,,,,,,
6,    Mining,125.532,113.402,109.31,105.459,101.632,101.587,107.841,113.114,,6,    Mining,63.022,75.667,85.37,102.586,115.297,143.642,130.655,106.011,,6,    Mining,0,-0.096628748,-0.03608402,-0.03523008,-0.036288984,-0.000442774,0.061562995,0.04889606,,6,    Mining,0,0.200644219,0.128232915,0.201663348,0.123905796,0.245843344,-0.090412275,-0.188618882,,6,    Mining,0,-0.481592484,-0.281394364,-0.174697485,-0.2928756,-0.001801041,-0.680914127,-0.259232053,,,,,,
7,        Oil and gas extraction,179.343,148.567,135.892,125.152,119.025,119.638,129.314,138.504,,7,        Oil and gas extraction,49.012,64.128,76.747,99.05,112.961,147.548,129.786,97.691,,7,        Oil and gas extraction,0,-0.171604133,-0.085315043,-0.07903335,-0.048956469,0.005150179,0.080877313,0.071067324,,7,        Oil and gas extraction,0,0.308414266,0.196778318,0.290604193,0.14044422,0.306185321,-0.120381164,-0.247291696,,7,        Oil and gas extraction,0,-0.556407896,-0.433559163,-0.271962181,-0.34858301,0.016820462,-0.671843588,-0.287382576,,,,,,
8,"        Mining, except oil and gas",95.204,92.178,90.973,92.465,90.446,86.46,87.28,84.25,,8,"        Mining, except oil and gas",94.596,99.466,100.224,100.189,110.79,118.976,119.202,123.693,,8,"        Mining, except oil and gas",0,-0.031784379,-0.013072534,0.01640047,-0.021835289,-0.044070495,0.009484155,-0.034715857,,8,"        Mining, except oil and gas",0,0.051482092,0.007620695,-0.000349218,0.105810019,0.073887535,0.001899543,0.037675542,,8,"        Mining, except oil and gas",0,-0.617387084,-1.715399241,-46.96345007,-0.206363152,-0.59645372,4.992861807,-0.921442794,,,,,,
9,        Support activities for mining,53.304,58.732,61.597,65.833,68.785,70.317,68.141,68.835,,9,        Support activities for mining,80.932,80.859,81.382,82.802,85.077,88.59,95.02,96.285,,9,        Support activities for mining,0,0.101831007,0.048780903,0.068769583,0.044840733,0.022272298,-0.030945575,0.010184764,,9,        Support activities for mining,0,-0.000901992,0.006468049,0.017448576,0.027475182,0.041292006,0.072581555,0.013312987,,9,        Support activities for mining,0,-112.8957132,7.541826085,3.941271971,1.632045013,0.539385219,-0.426355909,0.765024719,,,,,,
10,    Utilities,100.821,102.911,100.263,98.218,100.164,100.417,96.133,96.568,,10,    Utilities,131.445,125.946,134.357,144.655,138.75,159.545,173.809,166.261,,10,    Utilities,0,0.020729808,-0.025730971,-0.020396358,0.019813069,0.002525858,-0.042662099,0.004524981,,10,    Utilities,0,-0.041834988,0.066782589,0.076646546,-0.040821264,0.149873874,0.089404243,-0.04342698,,10,    Utilities,0,-0.495513666,-0.385294605,-0.266109285,-0.48536147,0.016853222,-0.477182038,-0.10419746,,,,,,
11,    Construction,121.742,122.96,119.115,114.976,114.513,108.556,103.35,102.418,,11,    Construction,137.966,137.318,142.229,151.726,155.01,163.783,175.681,183.63,,11,    Construction,0,0.010004764,-0.031270332,-0.034747933,-0.004026927,-0.052020295,-0.047956815,-0.0090179,,11,    Construction,0,-0.004696809,0.035763702,0.066772599,0.02164428,0.056596349,0.072644902,0.045246783,,11,    Construction,0,-2.130119281,-0.874359484,-0.520392094,-0.18605042,-0.919145774,-0.660153893,-0.199304787,,,,,,
12,    Manufacturing,115.77,117.546,116.229,120.15,119.217,116.608,116.745,118.027,,12,    Manufacturing,106.361,108.366,111.08,113.819,117.249,122.743,124.412,126.808,,12,    Manufacturing,0,0.015340762,-0.011204124,0.033735126,-0.007765293,-0.021884463,0.001174877,0.010981198,,12,    Manufacturing,0,0.018850895,0.025044756,0.024657904,0.030135566,0.046857542,0.013597517,0.019258592,,12,    Manufacturing,0,0.813794899,-0.447364089,1.368126263,-0.257678696,-0.467042479,0.086403755,0.570197349,,,,,,
13,        Durable goods,119.822,122.278,119.864,124.34,124.706,123.395,123.239,125.5,,13,        Durable goods,106.345,106.863,108.003,109.658,111.921,114.369,117.609,119.335,,13,        Durable goods,0,0.020497071,-0.0197419,0.037342321,0.002943542,-0.010512726,-0.001264233,0.018346465,,13,        Durable goods,0,0.004870939,0.010667864,0.015323648,0.020636889,0.021872571,0.028329355,0.014675748,,13,        Durable goods,0,4.208032778,-1.850595279,2.436907992,0.142634961,-0.48063513,-0.044626245,1.250121322,,,,,,
14,            Wood products,121.357,113.148,112.451,109.763,103.621,101.719,109.134,114.139,,14,            Wood products,183.506,216.921,222.426,215.853,239.155,249.101,228.048,215.313,,14,            Wood products,0,-0.067643399,-0.006160074,-0.023903745,-0.055956925,-0.018355353,0.072896902,0.045861052,,14,            Wood products,0,0.182092139,0.025377903,-0.029551401,0.107953098,0.041588091,-0.084515919,-0.055843507,,14,            Wood products,0,-0.371478965,-0.242733753,0.808887012,-0.518344786,-0.441360785,-0.86252274,-0.821242331,,,,,,
15,            Nonmetallic mineral products,117.574,116.544,113.928,118.745,115.45,115.66,110.789,109.605,,15,            Nonmetallic mineral products,137.354,138.929,142.865,144.394,150.17,149.186,158.308,165.192,,15,            Nonmetallic mineral products,0,-0.00876044,-0.022446458,0.04228109,-0.027748537,0.001818969,-0.042114819,-0.010686982,,15,            Nonmetallic mineral products,0,0.011466721,0.028331018,0.010702411,0.040001662,-0.006552574,0.061145148,0.043484852,,15,            Nonmetallic mineral products,0,-0.763988259,-0.792292673,3.950613405,-0.693684595,-0.277596151,-0.688767971,-0.245763317,,,,,,
16,            Primary metals,125.453,118.338,115.286,103.946,111.871,113.261,122.779,137.457,,16,            Primary metals,72.309,93.84,109.222,129.686,119.667,116.447,106.197,92.648,,16,            Primary metals,0,-0.056714467,-0.025790532,-0.098364068,0.07624151,0.012425025,0.084035988,0.119548131,,16,            Primary metals,0,0.297763764,0.163917306,0.187361521,-0.077255833,-0.026908003,-0.088022877,-0.127583642,,16,            Primary metals,0,-0.190467994,-0.157338678,-0.524996105,-0.986870593,-0.461759471,-0.95470621,-0.937017705,,,,,,
17,            Fabricated metal products,101.189,98.852,98.129,105.928,103.873,100.539,99.668,101.882,,17,            Fabricated metal products,112.714,113.368,116.455,122.724,130.216,134.512,142.448,148.371,,17,            Fabricated metal products,0,-0.023095396,-0.007313964,0.079477015,-0.01939997,-0.032096888,-0.008663305,0.02221375,,17,            Fabricated metal products,0,0.005802296,0.027229906,0.053831952,0.061047554,0.032991337,0.058998454,0.041580085,,17,            Fabricated metal products,0,-3.980389046,-0.268600423,1.476391095,-0.317784556,-0.97288834,-0.146839523,0.534240116,,,,,,
18,            Machinery,93.645,97.49,93.55,101.086,100.272,97.018,96.808,98.862,,18,            Machinery,119.145,117.213,116.813,120.209,125.871,133.089,140.218,146.538,,18,            Machinery,0,0.04105932,-0.040414401,0.080555852,-0.008052549,-0.032451731,-0.002164547,0.021217255,,18,            Machinery,0,-0.016215536,-0.003412591,0.029072107,0.047101299,0.057344424,0.053565659,0.045072673,,18,            Machinery,0,-2.532097647,11.8427331,2.77089835,-0.170962363,-0.565909098,-0.040409225,0.47073434,,,,,,
19,            Computer and electronic products,153.929,157.76,150.766,152.147,151.796,149.299,148.421,146.886,,19,            Computer and electronic products,89.633,89.592,90.202,91.007,92.487,93.42,94.368,95.247,,19,            Computer and electronic products,0,0.024888098,-0.044333164,0.00915989,-0.002306979,-0.016449709,-0.005880816,-0.010342202,,19,            Computer and electronic products,0,-0.000457421,0.006808644,0.008924414,0.016262485,0.010087904,0.01014772,0.009314598,,19,            Computer and electronic products,0,-54.40963089,-6.511306321,1.026385605,-0.141858971,-1.630636891,-0.579520953,-1.110321891,,,,,,
20,"            Electrical equipment, appliances, and components",119.578,121.876,120.263,119.994,115.914,111.827,104.964,103.817,,20,"            Electrical equipment, appliances, and components",104.952,105.799,107.894,112.232,118.488,125.58,134.714,140.118,,20,"            Electrical equipment, appliances, and components",0,0.019217582,-0.013234763,-0.002236764,-0.0340017,-0.035258899,-0.061371583,-0.010927556,,20,"            Electrical equipment, appliances, and components",0,0.008070356,0.019801699,0.040206128,0.055741678,0.059854162,0.072734512,0.040114613,,20,"            Electrical equipment, appliances, and components",0,2.381255783,-0.668365018,-0.055632425,-0.609987021,-0.589080147,-0.843775277,-0.272408363,,,,,,
21,"            Motor vehicles, bodies and trailers, and parts",138.814,145.205,142.661,162.199,172.782,182.197,177.253,180.861,,21,"            Motor vehicles, bodies and trailers, and parts",103.603,95.589,90.218,83.029,79.322,79.517,85.744,86.619,,21,"            Motor vehicles, bodies and trailers, and parts",0,0.046040025,-0.017520058,0.136954038,0.065247011,0.05449063,-0.027135463,0.020355086,,21,"            Motor vehicles, bodies and trailers, and parts",0,-0.077352972,-0.056188474,-0.079684764,-0.044647051,0.002458334,0.078310298,0.010204796,,21,"            Motor vehicles, bodies and trailers, and parts",0,-0.595193996,0.311808753,-1.718697926,-1.461395767,22.16567045,-0.346512066,1.994658818,,,,,,
22,            Other transportation equipment,101.547,115.493,116.777,117.609,120.051,119.524,123.917,132.757,,22,            Other transportation equipment,112.886,108.47,108.375,108.273,109.256,111.597,113.233,115.336,,22,            Other transportation equipment,0,0.137335421,0.011117557,0.007124691,0.020763717,-0.004389801,0.036754125,0.071338073,,22,            Other transportation equipment,0,-0.039119111,-0.000875818,-0.000941176,0.009078902,0.021426741,0.014659892,0.018572324,,22,            Other transportation equipment,0,-3.510698899,-12.69390945,-7.569983815,2.287029438,-0.204874882,2.50712106,3.841095591,,,,,,
23,            Furniture and related products,120.882,125.705,127.084,126.693,125.092,120.012,109.031,101.902,,23,            Furniture and related products,111.465,108.781,113.078,116.067,119.876,126.124,139.734,152.596,,23,            Furniture and related products,0,0.039898413,0.010970128,-0.003076705,-0.012636847,-0.040610111,-0.091499183,-0.065385074,,23,            Furniture and related products,0,-0.024079307,0.039501384,0.026433082,0.032817252,0.052120525,0.107909676,0.092046317,,23,            Furniture and related products,0,-1.65695851,0.277715044,-0.116396008,-0.385067175,-0.779157756,-0.847923807,-0.710349707,,,,,,
24,            Miscellaneous manufacturing,115.601,111.774,114.015,125.489,124.166,122.307,122.27,120.123,,24,            Miscellaneous manufacturing,107.614,105.852,104.689,104.324,107.959,110.329,113.341,116.421,,24,            Miscellaneous manufacturing,0,-0.03310525,0.020049385,0.100635881,-0.010542757,-0.014971892,-0.000302517,-0.017559499,,24,            Miscellaneous manufacturing,0,-0.016373334,-0.010987039,-0.003486517,0.034843373,0.021952778,0.027300166,0.027174632,,24,            Miscellaneous manufacturing,0,2.021900323,-1.824821616,-28.86430074,-0.302575668,-0.682004447,-0.011081157,-0.646172477,,,,,,
25,        Nondurable goods,110.73,111.761,111.753,115.038,112.659,108.674,109.119,109.342,,25,        Nondurable goods,106.465,110.378,115.149,119.31,124.301,133.967,133.45,136.774,,25,        Nondurable goods,0,0.009310937,-7.15813E-05,0.029395184,-0.020680123,-0.035372229,0.004094816,0.00204364,,25,        Nondurable goods,0,0.036753863,0.043224193,0.036135789,0.041832202,0.07776285,-0.003859159,0.024908205,,25,        Nondurable goods,0,0.253332189,-0.001656048,0.813464563,-0.494358943,-0.454873111,-1.061064165,0.082046876,,,,,,
26,            Food and beverage and tobacco products,124.531,118.127,126.086,130.938,131.607,126.658,127.913,132.213,,26,            Food and beverage and tobacco products,115.864,119.869,117.251,116.396,112.09,113.422,116.246,116.632,,26,            Food and beverage and tobacco products,0,-0.051424946,0.067376637,0.038481671,0.005109288,-0.037604383,0.009908573,0.033616599,,26,            Food and beverage and tobacco products,0,0.034566388,-0.021840509,-0.007292049,-0.036994398,0.011883308,0.024898168,0.003320544,,26,            Food and beverage and tobacco products,0,-1.487715353,-3.084938923,-5.277209865,-0.138109784,-3.164470917,0.397963928,10.12382161,,,,,,
27,            Textile mills and textile product mills,101.578,101.86,100.409,99.818,101.218,97.586,95.916,93.156,,27,            Textile mills and textile product mills,107.886,108.662,109.475,113.113,112.895,115.787,119.606,121.689,,27,            Textile mills and textile product mills,0,0.002776192,-0.014245042,-0.005885927,0.014025526,-0.035882946,-0.01711311,-0.028775178,,27,            Textile mills and textile product mills,0,0.007192778,0.007481916,0.033231331,-0.001927276,0.025616724,0.032982977,0.017415514,,27,            Textile mills and textile product mills,0,0.385969352,-1.903929615,-0.177119794,-7.277382451,-1.400762502,-0.518846746,-1.652272671,,,,,,
28,            Apparel and leather and allied products,69.99,77.606,81.072,83.081,80.515,79.705,80.374,81.524,,28,            Apparel and leather and allied products,108.955,107.199,104.218,105.824,110.555,113.713,115.894,119.145,,28,            Apparel and leather and allied products,0,0.108815545,0.044661495,0.024780442,-0.030885521,-0.010060237,0.008393451,0.01430811,,28,            Apparel and leather and allied products,0,-0.016116745,-0.027808095,0.015410006,0.044706305,0.028564968,0.019179865,0.028051495,,28,            Apparel and leather and allied products,0,-6.751707126,-1.606060929,1.60807479,-0.690853818,-0.352187944,0.437617825,0.510065842,,,,,,
29,            Paper products,107.84,106.64,107.657,103.53,104.072,96.402,87.337,84.069,,29,            Paper products,106.257,105.856,110.722,117.425,120.216,130.229,137.384,146.163,,29,            Paper products,0,-0.011127596,0.009536759,-0.038334711,0.005235198,-0.073698978,-0.094033319,-0.037418276,,29,            Paper products,0,-0.003773869,0.045968108,0.060539008,0.023768363,0.083291742,0.05494168,0.063901182,,29,            Paper products,0,2.948591059,0.20746469,-0.633223316,0.220259072,-0.884829351,-1.711511541,-0.585564697,,,,,,
30,            Printing and related support activities,86.609,88.031,87.456,89.14,85.261,82.176,81.013,79.481,,30,            Printing and related support activities,110.67,108.122,108.359,110.658,118.146,124.337,128.772,133.339,,30,            Printing and related support activities,0,0.016418617,-0.00653179,0.019255397,-0.043515818,-0.036183015,-0.014152551,-0.018910545,,30,            Printing and related support activities,0,-0.023023403,0.002191968,0.021216512,0.06766795,0.052401266,0.035669189,0.035465784,,30,            Printing and related support activities,0,-0.713127293,-2.979874226,0.907566578,-0.643078708,-0.690498858,-0.396772421,-0.533205327,,,,,,
31,            Petroleum and coal products,86.971,104.175,89.691,88.345,84.058,83.637,90.188,83.496,,31,            Petroleum and coal products,71.431,73.426,95.644,111.736,144.234,188.82,167.211,179.772,,31,            Petroleum and coal products,0,0.197813064,-0.139035277,-0.01500708,-0.048525666,-0.005008447,0.078326578,-0.074200559,,31,            Petroleum and coal products,0,0.02792905,0.302590363,0.168248923,0.290846281,0.309122676,-0.114442326,0.075120656,,31,            Petroleum and coal products,0,7.08269924,-0.459483494,-0.089195696,-0.166843002,-0.016202132,-0.684419661,-0.987751743,,,,,,
32,            Chemical products,106.498,109.326,109.002,114.305,111.191,106.227,105.461,109.183,,32,            Chemical products,124.67,130.733,133.55,136.235,138.343,144.107,145.72,146.771,,32,            Chemical products,0,0.026554489,-0.002963613,0.048650483,-0.027242903,-0.044643901,-0.007210973,0.035292667,,32,            Chemical products,0,0.04863239,0.021547735,0.02010483,0.015473263,0.041664558,0.011193072,0.007212462,,32,            Chemical products,0,0.54602477,-0.137537122,2.419840621,-1.760643671,-1.071507842,-0.644235367,4.893289722,,,,,,
33,            Plastics and rubber products,117.044,111.028,110.629,114.441,110.12,107.084,100.385,97.403,,33,            Plastics and rubber products,101.734,106.092,114.209,121.763,128.446,130.879,140.313,145.812,,33,            Plastics and rubber products,0,-0.051399474,-0.003593688,0.034457511,-0.037757447,-0.027569924,-0.062558365,-0.029705633,,33,            Plastics and rubber products,0,0.042837203,0.076509068,0.066141898,0.05488531,0.018941812,0.072081847,0.039190952,,33,            Plastics and rubber products,0,-1.199879316,-0.046970747,0.520963448,-0.687933567,-1.455506133,-0.867879617,-0.757971727,,,,,,
34,    Wholesale trade,115.67,117.228,115.215,117.076,117.139,115.101,116.808,117.733,,34,    Wholesale trade,118.385,122.248,126.863,129.191,134.409,139.167,139.229,140.01,,34,    Wholesale trade,0,0.013469352,-0.017171665,0.016152411,0.000538112,-0.017398134,0.014830453,0.007918978,,34,    Wholesale trade,0,0.032630823,0.037751129,0.018350504,0.04038981,0.035399415,0.000445508,0.005609464,,34,    Wholesale trade,0,0.412780039,-0.454864954,0.880216186,0.013322964,-0.491480826,33.28886594,1.411717553,,,,,,
35,    Retail trade,127.137,123.034,118.545,120.579,115.858,116.257,118.19,120.525,,35,    Retail trade,115.571,125.261,128.287,130.768,136.258,137.131,137.242,138.069,,35,    Retail trade,0,-0.032272273,-0.036485849,0.017158041,-0.039152755,0.003443871,0.016626956,0.019756325,,35,    Retail trade,0,0.083844563,0.024157559,0.01933945,0.041982748,0.006406963,0.000809445,0.006025852,,35,    Retail trade,0,-0.384905974,-1.510328482,0.887204207,-0.932591515,0.537520008,20.54118086,3.278594311,,,,,,
36,        Motor vehicle and parts dealers,151.357,134.659,115.582,113.114,112.02,111.156,107.896,114.141,,36,        Motor vehicle and parts dealers,105.769,129.82,145.329,160.461,162.105,164.963,167.303,161.739,,36,        Motor vehicle and parts dealers,0,-0.110321954,-0.141668956,-0.021352806,-0.009671659,-0.007712908,-0.029328151,0.05787981,,36,        Motor vehicle and parts dealers,0,0.227391769,0.119465414,0.104122371,0.01024548,0.017630548,0.014184999,-0.033257025,,36,        Motor vehicle and parts dealers,0,-0.485162478,-1.185857497,-0.205074142,-0.943992715,-0.437474114,-2.067546942,-1.740378484,,,,,,
37,        Food and beverage stores,104.019,106.961,106.369,107.691,104.232,100.228,100.196,96.481,,37,        Food and beverage stores,131.62,129.359,130.442,135.014,140.807,146.739,152.349,163.318,,37,        Food and beverage stores,0,0.028283294,-0.005534728,0.012428433,-0.032119676,-0.038414307,-0.000319272,-0.037077328,,37,        Food and beverage stores,0,-0.01717824,0.00837205,0.035050061,0.042906662,0.042128587,0.038231145,0.07199916,,37,        Food and beverage stores,0,-1.646460508,-0.661095872,0.354590916,-0.748594148,-0.91183467,-0.008351099,-0.514968904,,,,,,
38,        General merchandise stores,131.794,129.723,131.778,127.117,125.69,122.832,116.284,116.281,,38,        General merchandise stores,96.063,101.494,100.663,104.46,111.557,115.162,123.725,124.616,,38,        General merchandise stores,0,-0.015713917,0.015841447,-0.035370092,-0.011225879,-0.022738484,-0.053308584,-2.57989E-05,,38,        General merchandise stores,0,0.056535815,-0.008187676,0.037719917,0.067939881,0.032315319,0.074356124,0.007201455,,38,        General merchandise stores,0,-0.277946239,-1.934791575,-0.93770334,-0.165232531,-0.703644109,-0.716936022,-0.003582458,,,,,,
39,        Other retail,124.812,122.286,120.569,126.117,118.723,121.749,128.765,132.044,,39,        Other retail,120.444,128.345,128.545,126.116,132.202,130.481,126.499,127.064,,39,        Other retail,0,-0.020238439,-0.014040855,0.046015145,-0.058628099,0.0254879,0.057626757,0.025464994,,39,        Other retail,0,0.065598951,0.0015583,-0.018896106,0.04825716,-0.013017957,-0.030517853,0.004466438,,39,        Other retail,0,-0.308517719,-9.010367704,-2.435165416,-1.214909854,-1.957903201,-1.888296544,5.701409421,,,,,,
40,    Transportation and warehousing,110.916,109.094,113.694,115.894,112.663,113.324,116.283,117.743,,40,    Transportation and warehousing,119.754,127.847,132.276,137.595,146.235,151.366,150.916,150.796,,40,    Transportation and warehousing,0,-0.016426846,0.042165472,0.019350186,-0.027878924,0.005867055,0.026110974,0.012555576,,40,    Transportation and warehousing,0,0.067580206,0.034642972,0.040211376,0.062792979,0.035087359,-0.002972927,-0.000795144,,40,    Transportation and warehousing,0,-0.243071847,1.217143621,0.481211722,-0.443981542,0.167212778,-8.78291926,-15.79031042,,,,,,
41,        Air transportation,81.455,88.311,120.486,130.816,122.889,120.475,132.894,137.121,,41,        Air transportation,79.05,92.939,96.072,94.537,98.835,111.727,108.986,108.631,,41,        Air transportation,0,0.084169173,0.364337399,0.085736102,-0.060596563,-0.019643744,0.103083627,0.031807305,,41,        Air transportation,0,0.175698925,0.033710283,-0.0159776,0.045463681,0.130439622,-0.024533014,-0.003257299,,41,        Air transportation,0,0.479053434,10.80790089,-5.366018764,-1.332856512,-0.150596447,-4.201833064,-9.764932255,,,,,,
42,        Rail transportation,86.877,89.55,87.118,90.008,91.048,91.036,89.622,87.566,,42,        Rail transportation,119.78,118.723,120.349,121.137,118.284,121.46,128.749,131.559,,42,        Rail transportation,0,0.030767637,-0.027158012,0.033173397,0.011554528,-0.000131799,-0.015532317,-0.022940796,,42,        Rail transportation,0,-0.008824512,0.013695746,0.006547624,-0.023551846,0.026850631,0.060011526,0.021825412,,42,        Rail transportation,0,-3.486610748,-1.982952455,5.066478624,-0.490599691,-0.004908585,-0.258822226,-1.05110481,,,,,,
43,        Water transportation,64.73,56.546,55.33,67.408,74.152,76.027,70.564,62.538,,43,        Water transportation,124.524,158.729,174.342,182.191,171.642,179.31,213.34,220.444,,43,        Water transportation,0,-0.126432875,-0.021504616,0.218290258,0.100047472,0.025285899,-0.071856051,-0.113740718,,43,        Water transportation,0,0.274686004,0.098362618,0.045020706,-0.057900774,0.04467438,0.189783057,0.033298959,,43,        Water transportation,0,-0.46028146,-0.218625898,4.848663554,-1.727912503,0.566004475,-0.378622055,-3.415743905,,,,,,
44,        Truck transportation,101.679,100.943,101.952,102.043,92.252,87.556,90.26,93.165,,44,        Truck transportation,138.785,144.794,147.046,159.378,184.02,201.17,197.199,193.765,,44,        Truck transportation,0,-0.007238466,0.00999574,0.000892577,-0.095949747,-0.050904045,0.030883092,0.032184799,,44,        Truck transportation,0,0.043297186,0.015553131,0.083864913,0.15461356,0.093196392,-0.019739524,-0.017413881,,44,        Truck transportation,0,-0.167180983,0.642683482,0.010643031,-0.620577823,-0.546201892,-1.564530751,-1.848226637,,,,,,
45,        Transit and ground passenger transportation,94.575,101.572,112.459,120.354,126.561,130.597,135.708,142.479,,45,        Transit and ground passenger transportation,111.176,112.724,109.412,105.149,104.226,103.94,104.515,106.264,,45,        Transit and ground passenger transportation,0,0.073983611,0.107185051,0.070203363,0.05157286,0.031889761,0.039135662,0.04989389,,45,        Transit and ground passenger transportation,0,0.013923868,-0.029381498,-0.038962819,-0.00877802,-0.002744037,0.005532038,0.01673444,,45,        Transit and ground passenger transportation,0,5.313437936,-3.6480458,-1.801803977,-5.875227154,-11.62147621,7.07436638,2.981509374,,,,,,
46,        Pipeline transportation,132.685,119.967,119.168,117.248,113.591,118.643,118.275,119.226,,46,        Pipeline transportation,141.276,141.992,146.269,153.233,160.002,159.942,164.171,166.666,,46,        Pipeline transportation,0,-0.095851076,-0.006660165,-0.016111708,-0.031190297,0.044475355,-0.003101742,0.008040583,,46,        Pipeline transportation,0,0.005068094,0.030121415,0.047610909,0.044174558,-0.000374995,0.026440835,0.015197568,,46,        Pipeline transportation,0,-18.91264887,-0.221110622,-0.338403704,-0.706069265,-118.602428,-0.117308785,0.529070387,,,,,,
47,        Other transportation and support activities,126.216,114.993,111.316,111.498,115.823,123.132,124.189,129.918,,47,        Other transportation and support activities,133.256,150.02,163.329,170.808,172.573,166.241,163.493,155.939,,47,        Other transportation and support activities,0,-0.088918996,-0.031975859,0.001634985,0.038789933,0.06310491,0.008584284,0.0461313,,47,        Other transportation and support activities,0,0.125802966,0.088714838,0.045791011,0.01033324,-0.036691719,-0.016530218,-0.046203813,,47,        Other transportation and support activities,0,-0.706811604,-0.360434174,0.035705372,3.753898557,-1.719867916,-0.519308544,-0.998430581,,,,,,
48,        Warehousing and storage,200.343,201.417,204.109,199.439,192.895,197.498,199.068,183.472,,48,        Warehousing and storage,98.816,102.003,104.298,110.221,120.809,120.144,121.114,131.903,,48,        Warehousing and storage,0,0.005360806,0.013365307,-0.022879932,-0.032812038,0.023862723,0.007949448,-0.078345088,,48,        Warehousing and storage,0,0.032251862,0.022499338,0.0567892,0.096061549,-0.005504557,0.008073645,0.089081361,,48,        Warehousing and storage,0,0.166216952,0.594031107,-0.402892306,-0.341573065,-4.335085312,0.984616939,-0.879477894,,,,,,
49,    Information,181.138,191.297,195.673,203.186,202.001,202.767,211.019,214.297,,49,    Information,90.72,89.606,88.663,88.193,88.031,88.247,87.963,88.017,,49,    Information,0,0.056084311,0.022875424,0.038395691,-0.005832095,0.00379206,0.040696958,0.015534146,,49,    Information,0,-0.012279541,-0.010523849,-0.005300971,-0.00183688,0.002453681,-0.00321824,0.000613894,,49,    Information,0,-4.567296886,-2.173674708,-7.243142831,3.174999572,1.545457742,-12.64571978,25.30426118,,,,,,
50,"        Publishing industries, except internet (includes software)",202.844,211.507,213.484,218.324,216.634,220.633,230.034,239.837,,50,"        Publishing industries, except internet (includes software)",92.601,92.425,92.202,92.197,91.121,90.877,90.781,89.113,,50,"        Publishing industries, except internet (includes software)",0,0.042707697,0.009347208,0.022671488,-0.007740789,0.018459706,0.04260922,0.042615439,,50,"        Publishing industries, except internet (includes software)",0,-0.001900627,-0.002412767,-5.42288E-05,-0.011670662,-0.002677758,-0.001056373,-0.018373889,,50,"        Publishing industries, except internet (includes software)",0,-22.47031482,-3.874061584,-418.0713121,0.663269067,-6.893716769,-40.33539657,-2.319347847,,,,,,
51,        Motion picture and sound recording industries,98.026,107.095,119.354,134.9,125.42,131.153,131.072,125.057,,51,        Motion picture and sound recording industries,93.796,92.369,92.674,91.414,93.45,94.83,95.729,98.006,,51,        Motion picture and sound recording industries,0,0.092516271,0.114468463,0.130251186,-0.070274277,0.045710413,-0.000617599,-0.045890808,,51,        Motion picture and sound recording industries,0,-0.015213868,0.003301974,-0.013596046,0.0222723,0.014767255,0.009480122,0.023785896,,51,        Motion picture and sound recording industries,0,-6.081048474,34.66668007,-9.580078071,-3.15523221,3.095389925,-0.065146764,-1.929328577,,,,,,
52,        Broadcasting and telecommunications,146.509,151.712,154.664,159.225,160.249,157.706,160.88,161.967,,52,        Broadcasting and telecommunications,87.299,85.473,83.586,83.135,83.454,84.508,84.724,85.067,,52,        Broadcasting and telecommunications,0,0.035513177,0.01945792,0.029489733,0.006431151,-0.015869054,0.020126057,0.006756589,,52,        Broadcasting and telecommunications,0,-0.02091662,-0.022077147,-0.00539564,0.003837132,0.012629712,0.002555971,0.00404844,,52,        Broadcasting and telecommunications,0,-1.697844912,-0.881360265,-5.46547403,1.676030498,-1.256485782,7.874133585,1.66893652,,,,,,
53,"        Data processing, internet publishing, and other information services",322.87,353.135,360.643,376.706,375.935,377.261,407.12,413.027,,53,"        Data processing, internet publishing, and other information services",94.443,93.383,92.714,91.897,91.426,90.595,89.066,90.067,,53,"        Data processing, internet publishing, and other information services",0,0.093737418,0.021260991,0.044539891,-0.002046689,0.003527206,0.079146798,0.014509236,,53,"        Data processing, internet publishing, and other information services",0,-0.011223701,-0.007164045,-0.008812046,-0.005125303,-0.009089318,-0.016877311,0.011238857,,53,"        Data processing, internet publishing, and other information services",0,-8.351738608,-2.967735587,-5.054432653,0.399330303,-0.388060518,-4.689538343,1.29098859,,,,,,
54,"    Finance, insurance, real estate, rental, and leasing",111.805,113.039,114.098,116.353,116.029,116.583,116.888,115.791,,54,"    Finance, insurance, real estate, rental, and leasing",129.232,130.381,130.94,131.425,132.592,133.054,134.457,137.426,,54,"    Finance, insurance, real estate, rental, and leasing",0,0.011037073,0.009368448,0.019763712,-0.00278463,0.004774668,0.002616162,-0.009385052,,54,"    Finance, insurance, real estate, rental, and leasing",0,0.008890987,0.004287435,0.003703987,0.008879589,0.003484373,0.010544591,0.022081409,,54,"    Finance, insurance, real estate, rental, and leasing",0,1.241377789,2.185094144,5.335794713,-0.313598917,1.370309162,0.248104635,-0.425020541,,,,,,
55,        Finance and insurance,114.444,116.177,116.759,119.346,117.611,118.233,117.42,115.677,,55,        Finance and insurance,141.496,143.174,143.753,144.369,144.928,144.278,145.24,147.591,,55,        Finance and insurance,0,0.015142777,0.005009597,0.02215675,-0.014537563,0.005288621,-0.006876253,-0.014844149,,55,        Finance and insurance,0,0.011858992,0.00404403,0.004285128,0.003872022,-0.004484986,0.006667683,0.016187001,,55,        Finance and insurance,0,1.276902509,1.238763561,5.170615772,-3.754514204,-1.179183475,-1.03128067,-0.917041357,,,,,,
56,"            Federal Reserve banks, credit intermediation, and related activities",102.696,103.675,103.297,103.007,104.075,103.289,100.024,96.837,,56,"            Federal Reserve banks, credit intermediation, and related activities",161.717,165.977,167.747,168.852,167.379,171.238,175.56,179.571,,56,"            Federal Reserve banks, credit intermediation, and related activities",0,0.009532991,-0.003646009,-0.002807439,0.010368227,-0.007552246,-0.031610336,-0.031862353,,56,"            Federal Reserve banks, credit intermediation, and related activities",0,0.026342314,0.010664128,0.006587301,-0.008723616,0.023055461,0.025239725,0.02284689,,56,"            Federal Reserve banks, credit intermediation, and related activities",0,0.361888882,-0.341894725,-0.426189527,-1.188524055,-0.327568639,-1.252404147,-1.394603515,,,,,,
57,"            Securities, commodity contracts, and investments",90.551,94.631,95.891,101.573,95.204,101.096,105.52,108.503,,57,"            Securities, commodity contracts, and investments",176.114,179.806,180.767,181.445,180.989,165.996,159.159,158.743,,57,"            Securities, commodity contracts, and investments",0,0.045057481,0.013314876,0.059254779,-0.062703671,0.061888156,0.043760386,0.028269522,,57,"            Securities, commodity contracts, and investments",0,0.020963694,0.005344649,0.003750685,-0.002513158,-0.082839289,-0.041187739,-0.002613738,,57,"            Securities, commodity contracts, and investments",0,2.149310207,2.491253419,15.79839028,24.95014831,-0.747087005,-1.062461469,-10.81574257,,,,,,
58,            Insurance carriers and related activities,142.549,142.437,144.423,149.008,146.876,146.238,146.847,144.868,,58,            Insurance carriers and related activities,109.449,108.321,107.577,107.896,110.135,110.309,110.706,112.734,,58,            Insurance carriers and related activities,0,-0.000785695,0.013943006,0.031747021,-0.014307957,-0.0043438,0.004164444,-0.013476612,,58,            Insurance carriers and related activities,0,-0.01030617,-0.006868474,0.002965318,0.020751464,0.001579879,0.003598981,0.01831879,,58,            Insurance carriers and related activities,0,0.076235376,-2.03000053,10.70611056,-0.689491419,-2.749450784,1.157117587,-0.735671487,,,,,,
59,"            Funds, trusts, and other financial vehicles",252.807,297.858,294.084,317.65,295.174,265.862,236.598,218.853,,59,"            Funds, trusts, and other financial vehicles",87.552,81.845,82.545,79.901,88.079,97.673,111.947,114.207,,59,"            Funds, trusts, and other financial vehicles",0,0.178203135,-0.012670467,0.080133567,-0.070757123,-0.099304139,-0.110072143,-0.075000634,,59,"            Funds, trusts, and other financial vehicles",0,-0.065184119,0.008552752,-0.032031013,0.10235166,0.108924942,0.146140694,0.020188125,,59,"            Funds, trusts, and other financial vehicles",0,-2.733842806,-1.481449118,-2.501749361,-0.691313873,-0.91167493,-0.753192966,-3.715086714,,,,,,
60,        Real estate and rental and leasing,109.913,110.822,112.185,114.223,114.801,115.311,116.317,115.623,,60,        Real estate and rental and leasing,122.658,123.514,124.069,124.484,126.003,127.098,128.753,132.074,,60,        Real estate and rental and leasing,0,0.008270177,0.012299002,0.018166422,0.005060277,0.00444247,0.008724233,-0.005966454,,60,        Real estate and rental and leasing,0,0.006978754,0.004493418,0.003344913,0.012202371,0.008690269,0.013021448,0.025793574,,60,        Real estate and rental and leasing,0,1.185050713,2.737115195,5.431059647,0.414696182,0.511200501,0.669989445,-0.231315513,,,,,,
61,            Real estate,107.647,108.341,109.636,111.773,112.276,113.16,114.033,113.456,,61,            Real estate,125.019,125.462,126.01,126.333,127.832,128.637,130.398,133.954,,61,            Real estate,0,0.006446998,0.011953,0.019491773,0.004500192,0.007873455,0.00771474,-0.005059939,,61,            Real estate,0,0.003543461,0.004367856,0.002563289,0.011865467,0.006297328,0.013689685,0.027270357,,61,            Real estate,0,1.819406885,2.736582696,7.604205224,0.379268046,1.250285045,0.563544028,-0.185547215,,,,,,
64,            Rental and leasing services and lessors of intangible assets,136.353,140.134,142.334,142.979,144.54,140.17,142.859,140.672,,64,            Rental and leasing services and lessors of intangible assets,100.86,105.308,105.923,107.133,108.803,112.464,113.155,114.341,,64,            Rental and leasing services and lessors of intangible assets,0,0.027729496,0.015699259,0.004531595,0.010917687,-0.030233845,0.019183848,-0.015308801,,64,            Rental and leasing services and lessors of intangible assets,0,0.044100734,0.005840012,0.011423392,0.015588101,0.033647969,0.006144188,0.010481198,,64,            Rental and leasing services and lessors of intangible assets,0,0.628776302,2.688223734,0.396694302,0.700385979,-0.898534026,3.122275401,-1.460596438,,,,,,
65,    Professional and business services,135.308,140.044,144.101,148.753,149.968,151.516,153.615,155.971,,65,    Professional and business services,109.096,108.447,108.25,108.63,110.165,110.368,111.004,111.306,,65,    Professional and business services,0,0.035001626,0.028969467,0.032282913,0.008167902,0.010322202,0.013853322,0.015337044,,65,    Professional and business services,0,-0.005948889,-0.001816556,0.003510393,0.014130535,0.001842691,0.00576254,0.002720623,,65,    Professional and business services,0,-5.883724779,-15.94747086,9.196382362,0.578032083,5.601701434,2.404030643,5.63732855,,,,,,
66,"        Professional, scientific, and technical services",134.755,140.288,145.193,148.811,148.97,150.185,153.03,156.058,,66,"        Professional, scientific, and technical services",109.631,108.481,108.123,108.69,110.169,110.526,110.954,111.234,,66,"        Professional, scientific, and technical services",0,0.041059701,0.034963789,0.024918557,0.001068469,0.008156005,0.018943303,0.01978697,,66,"        Professional, scientific, and technical services",0,-0.010489734,-0.003300117,0.005244028,0.013607508,0.003240476,0.003872392,0.002523568,,66,"        Professional, scientific, and technical services",0,-3.914274847,-10.59471165,4.751797361,0.078520581,2.516915594,4.891886766,7.840869484,,,,,,
67,            Legal services,97.661,95.582,97.999,97.382,96.943,97.543,96.825,96.008,,67,            Legal services,140.42,143.043,143.795,146.718,149.661,148.431,149.448,151.794,,67,            Legal services,0,-0.021287925,0.025287188,-0.006295983,-0.00450802,0.006189204,-0.007360856,-0.008437903,,67,            Legal services,0,0.018679675,0.00525716,0.02032755,0.020058888,-0.008218574,0.006851668,0.015697768,,67,            Legal services,0,-1.139630334,4.810046846,-0.309726589,-0.22473927,-0.753075166,-1.074315882,-0.537522503,,,,,,
68,            Computer systems design and related services,181.457,186.548,191.376,195.521,198.187,202.249,204.79,212.236,,68,            Computer systems design and related services,89.317,89.135,88.867,88.736,87.97,88.109,88.209,86.452,,68,            Computer systems design and related services,0,0.028056234,0.025880738,0.021658933,0.013635364,0.020495794,0.012563721,0.036359197,,68,            Computer systems design and related services,0,-0.002037686,-0.003006675,-0.001474113,-0.008632348,0.001580084,0.001134958,-0.019918602,,68,            Computer systems design and related services,0,-13.76867377,-8.607759789,-14.69285814,-1.579566133,12.97133116,11.0697689,-1.825388974,,,,,,
69,"            Miscellaneous professional, scientific, and technical services",132.695,141.212,147.015,152.109,151.794,152.425,156.713,159.996,,69,"            Miscellaneous professional, scientific, and technical services",109.929,107.546,106.929,107.332,109.506,110.258,110.712,111.542,,69,"            Miscellaneous professional, scientific, and technical services",0,0.064184785,0.041094241,0.034649526,-0.002070883,0.00415695,0.028131868,0.020949124,,69,"            Miscellaneous professional, scientific, and technical services",0,-0.021677628,-0.00573708,0.003768856,0.02025491,0.006867204,0.004117615,0.007496929,,69,"            Miscellaneous professional, scientific, and technical services",0,-2.960876707,-7.162919405,9.193645455,-0.102241056,0.605333667,6.83207823,2.794360683,,,,,,
70,        Management of companies and enterprises,155.762,161.758,160.458,168.198,168.583,171.906,173.853,178.551,,70,        Management of companies and enterprises,92.617,92.259,91.768,90.773,91.627,89.796,90.166,89.206,,70,        Management of companies and enterprises,0,0.038494626,-0.008036697,0.048236922,0.002288969,0.019711359,0.011325957,0.02702283,,70,        Management of companies and enterprises,0,-0.003865381,-0.005321974,-0.010842559,0.009408084,-0.019983193,0.004120451,-0.010647029,,70,        Management of companies and enterprises,0,-9.958817919,1.510096964,-4.448850091,0.243298102,-0.986396872,2.748717983,-2.538062976,,,,,,
71,        Administrative and waste management services,125.059,127.302,132.004,137.438,141.399,142.843,143.327,143.12,,71,        Administrative and waste management services,119.501,120.004,120.492,121.424,123.62,124.966,126.356,127.705,,71,        Administrative and waste management services,0,0.017935534,0.03693579,0.041165419,0.028820268,0.010212236,0.003388335,-0.00144425,,71,        Administrative and waste management services,0,0.00420917,0.004066531,0.007734953,0.018085387,0.010888206,0.011123025,0.010676185,,71,        Administrative and waste management services,0,4.261062226,9.082874182,5.321999671,1.593566588,0.937917274,0.304623545,-0.135277714,,,,,,
72,            Administrative and support services,127.034,129.248,134.2,139.594,143.875,145.442,146.156,146.005,,72,            Administrative and support services,117.73,118.37,118.99,119.994,122.363,123.641,124.555,125.624,,72,            Administrative and support services,0,0.017428405,0.038313939,0.040193741,0.030667507,0.010891399,0.004909173,-0.001033143,,72,            Administrative and support services,0,0.005436168,0.005237814,0.008437684,0.019742654,0.010444334,0.00739237,0.008582554,,72,            Administrative and support services,0,3.206009562,7.314872533,4.763598809,1.553362963,1.042804561,0.664086554,-0.120377068,,,,,,
73,            Waste management and remediation services,106.703,109.131,111.587,117.314,118.388,118.724,117.181,116.503,,73,            Waste management and remediation services,139.012,137.919,136.842,136.924,136.979,139.148,146.449,151.284,,73,            Waste management and remediation services,0,0.022754749,0.022505063,0.051323183,0.009154918,0.002838125,-0.01299653,-0.005785921,,73,            Waste management and remediation services,0,-0.007862631,-0.007808931,0.000599231,0.000401683,0.015834544,0.052469313,0.033014906,,73,            Waste management and remediation services,0,-2.894037686,-2.881964481,85.64837783,22.79141697,0.179236326,-0.24769773,-0.175251775,,,,,,
74,"    Educational services, health care, and social assistance",118.551,119.498,120.392,122.02,122.968,123.799,125.458,126.928,,74,"    Educational services, health care, and social assistance",117.725,117.808,118.683,119.704,120.307,120.646,121.904,123.668,,74,"    Educational services, health care, and social assistance",0,0.007988123,0.007481297,0.013522493,0.007769218,0.006757856,0.013400754,0.011717069,,74,"    Educational services, health care, and social assistance",0,0.000705033,0.007427339,0.008602748,0.005037426,0.002817791,0.0104272,0.014470403,,74,"    Educational services, health care, and social assistance",0,11.33014229,1.007264695,1.571880567,1.542299321,2.398281257,1.285172831,0.809726495,,,,,,
75,        Educational services,95.696,98.219,100.916,102.225,103.511,102.438,103.852,105.105,,75,        Educational services,125.336,126.364,127.392,128.356,128.81,129.672,131.482,133.098,,75,        Educational services,0,0.026364738,0.027459046,0.012971184,0.012580093,-0.010366048,0.013803471,0.012065247,,75,        Educational services,0,0.008201953,0.008135228,0.007567194,0.003537038,0.006692027,0.013958295,0.012290656,,75,        Educational services,0,3.214446347,3.375325718,1.714133886,3.556674908,-1.549014675,0.988908143,0.981660128,,,,,,
76,        Health care and social assistance,122.895,123.536,124.079,125.768,126.65,127.85,129.555,131.067,,76,        Health care and social assistance,116.426,116.375,117.227,118.255,118.878,119.14,120.317,122.1,,76,        Health care and social assistance,0,0.005215835,0.00439548,0.013612295,0.007012913,0.009474931,0.013335941,0.011670719,,76,        Health care and social assistance,0,-0.000438046,0.00732116,0.008769311,0.005268276,0.00220394,0.009879134,0.014819186,,76,        Health care and social assistance,0,-11.90703462,0.600380245,1.552265128,1.331158888,4.299087164,1.349909905,0.787541165,,,,,,
77,            Ambulatory health care services,136.081,137.048,136.605,138.878,139.827,140.395,143.019,145.825,,77,            Ambulatory health care services,107.367,107.285,107.857,108.657,108.855,108.539,108.859,109.97,,77,            Ambulatory health care services,0,0.007106062,-0.003232444,0.016639215,0.006833336,0.004062163,0.018690124,0.019619771,,77,            Ambulatory health care services,0,-0.000763736,0.005331593,0.007417228,0.001822248,-0.002902944,0.002948249,0.010205863,,77,            Ambulatory health care services,0,-9.304348056,-0.60628106,2.2433198,3.749948287,-1.399325007,6.339398127,1.922402007,,,,,,
78,            Hospitals,113.198,112.935,114.748,115.599,115.451,117.076,118.294,118.432,,78,            Hospitals,122.244,122.451,123.606,124.963,126.552,127.619,129.399,131.785,,78,            Hospitals,0,-0.002323363,0.016053482,0.007416251,-0.001280288,0.014075235,0.010403499,0.001166585,,78,            Hospitals,0,0.001693335,0.009432344,0.010978431,0.012715764,0.008431317,0.013947766,0.018439091,,78,            Hospitals,0,-1.372063469,1.701960983,0.675529222,-0.100685095,1.669399426,0.745889936,0.063266943,,,,,,
79,            Nursing and residential care facilities,101.937,102.851,103.543,104.386,105.124,106.563,106.233,106.377,,79,            Nursing and residential care facilities,129.478,128.583,129.261,130.04,130.735,131.371,134.528,137.057,,79,            Nursing and residential care facilities,0,0.008966322,0.00672818,0.008141545,0.007069914,0.013688596,-0.00309676,0.001355511,,79,            Nursing and residential care facilities,0,-0.006912371,0.005272859,0.006026566,0.005344509,0.004864803,0.024031179,0.01879906,,79,            Nursing and residential care facilities,0,-1.297141322,1.276002238,1.350942562,1.322836782,2.813802894,-0.128864243,0.072105253,,,,,,
80,            Social assistance,118.059,120.155,120.378,123.43,128.038,130.236,131.972,134.377,,80,            Social assistance,134.721,134.868,136.602,138.118,137.763,138.37,140.678,143.74,,80,            Social assistance,0,0.017753835,0.001855936,0.02535347,0.037332901,0.017166779,0.013329648,0.018223563,,80,            Social assistance,0,0.001091144,0.012857016,0.011097934,-0.002570266,0.004406118,0.016679916,0.021766019,,80,            Social assistance,0,16.27084624,0.144352011,2.284521567,-14.52491733,3.89612343,0.799143568,0.837248313,,,,,,
81,"    Arts, entertainment, recreation, accommodation, and food services",94.329,108.771,115.814,118.477,115.768,118.72,120.817,120.691,,81,"    Arts, entertainment, recreation, accommodation, and food services",129.562,130.212,134.079,138.038,140.321,140.501,143.958,149.859,,81,"    Arts, entertainment, recreation, accommodation, and food services",0,0.153102439,0.064750715,0.022993766,-0.022865197,0.025499274,0.01766341,-0.0010429,,81,"    Arts, entertainment, recreation, accommodation, and food services",0,0.005016903,0.029697724,0.029527368,0.016538924,0.001282773,0.024604807,0.040991122,,81,"    Arts, entertainment, recreation, accommodation, and food services",0,30.51732038,2.180325854,0.778727238,-1.382508159,19.87824269,0.717884503,-0.025442084,,,,,,
82,"        Arts, entertainment, and recreation",89.098,94.996,107.114,115.189,114.953,120.101,127.277,128.974,,82,"        Arts, entertainment, and recreation",121.193,125.496,126.375,128.904,129.126,126.481,129.269,131.662,,82,"        Arts, entertainment, and recreation",0,0.066196772,0.127563266,0.075386971,-0.002048807,0.04478352,0.059749711,0.013333124,,82,"        Arts, entertainment, and recreation",0,0.035505351,0.007004207,0.020011869,0.001722212,-0.020483868,0.022042836,0.018511786,,82,"        Arts, entertainment, and recreation",0,1.864416779,18.21237726,3.767112869,-1.189636867,-2.186282356,2.710618061,0.720250557,,,,,,
83,"            Performing arts, spectator sports, museums, and related activities",94.172,95.017,113.179,125.202,129.964,138.398,150.445,152.676,,83,"            Performing arts, spectator sports, museums, and related activities",113.484,120.608,121.698,124.388,123.604,119.495,122.455,124.606,,83,"            Performing arts, spectator sports, museums, and related activities",0,0.008972943,0.191144743,0.106229954,0.038034536,0.064894894,0.087046056,0.01482934,,83,"            Performing arts, spectator sports, museums, and related activities",0,0.062775369,0.009037543,0.022103897,-0.006302859,-0.033243261,0.024770911,0.017565636,,83,"            Performing arts, spectator sports, museums, and related activities",0,0.142937321,21.15007808,4.805937911,-6.034489652,-1.9521218,3.514043382,0.844224446,,,,,,
84,"            Amusements, gambling, and recreation industries",82.403,94.734,98.847,101.662,94.859,95.771,96.743,97.749,,84,"            Amusements, gambling, and recreation industries",133.02,132.924,133.477,135.718,137.837,138.228,140.569,143.435,,84,"            Amusements, gambling, and recreation industries",0,0.14964261,0.043416302,0.028478355,-0.066917826,0.00961427,0.01014921,0.010398685,,84,"            Amusements, gambling, and recreation industries",0,-0.000721696,0.004160272,0.016789409,0.015613257,0.002836684,0.016935787,0.020388564,,84,"            Amusements, gambling, and recreation industries",0,-207.3485416,10.43592874,1.696209482,-4.285961998,3.389263629,0.599275956,0.510025393,,,,,,
85,        Accommodation and food services,96.28,113.773,119.005,119.777,116.213,118.431,118.855,118.137,,85,        Accommodation and food services,132.541,131.968,136.831,141.301,144.348,145.606,149.317,156.634,,85,        Accommodation and food services,0,0.181688824,0.045986306,0.006487122,-0.029755295,0.019085644,0.003580144,-0.006040974,,85,        Accommodation and food services,0,-0.004323191,0.036849842,0.032668036,0.021563896,0.00871505,0.025486587,0.049003128,,85,        Accommodation and food services,0,-42.02655926,1.24793766,0.198577057,-1.379866418,2.189963917,0.14047168,-0.123277321,,,,,,
86,            Accommodation,82.003,106.896,114.993,115.35,107.856,109.116,111.467,109.302,,86,            Accommodation,114.365,113.368,123.507,129.706,135.934,139.5,140.765,148.965,,86,            Accommodation,0,0.303562065,0.07574652,0.003104537,-0.06496749,0.011682243,0.021545878,-0.019422789,,86,            Accommodation,0,-0.008717702,0.089434408,0.050191487,0.048016283,0.026233319,0.0090681,0.058253117,,86,            Accommodation,0,-34.82133956,0.846950535,0.061853852,-1.353030393,0.445320813,2.376007866,-0.333420593,,,,,,
87,            Food services and drinking places,101.455,116.567,120.8,121.69,119.537,122.117,121.823,121.64,,87,            Food services and drinking places,139.218,138.81,141.73,145.555,147.428,147.86,152.456,159.454,,87,            Food services and drinking places,0,0.148952738,0.03631388,0.00736755,-0.017692497,0.021583275,-0.002407527,-0.001502179,,87,            Food services and drinking places,0,-0.002930656,0.021035948,0.026987935,0.012867988,0.002930244,0.031083457,0.045901768,,87,            Food services and drinking places,0,-50.82574077,1.726277268,0.2729942,-1.374923358,7.365692445,-0.077453649,-0.032725959,,,,,,
88,"    Other services, except government",95.691,99.681,102.286,103.089,103.612,103.934,104.58,104.598,,88,"    Other services, except government",133.225,133.335,134.654,136.938,139.466,140.798,144.467,150,,88,"    Other services, except government",0,0.041696711,0.026133365,0.007850537,0.005073286,0.003107748,0.006215483,0.000172117,,88,"    Other services, except government",0,0.000825671,0.009892376,0.016961991,0.018460909,0.009550715,0.026058609,0.038299404,,88,"    Other services, except government",0,50.50040329,2.641768219,0.462831074,0.274812367,0.325394296,0.238519368,0.004493987,,,,,,
,,,,,,,,,,,,,,,,,,,,,,,,,,,,,,,,,,,,,,,,,,,,,,,,,,,,,,,,,,,
,,,,,,,,,,,,,,,,,,,,,,,,,,,,,,,,,,,,,,,,,,,,,,,,,,,,,,,,,,,
,,,,,,,,,,,,,,,,,,,,,,,,,,,,,,,,,,,,,,,,,,,,,,,,,,,,,,,,,,,
,,,,,,,,,,,,,,,,,,,,,,,,,,,,,,,,,,,,,,,,,,,,,,,,,,,,,,,,,,,
,,,,,,,,,,,,,,,,,,,,,,,,,,,,,,,,,,,,,,,,,,,,,,,,,,,,,,,,,,,
,,,,,,,,,,,,,,,,,,,,,,,,,,,,,,,,,,,,,,,,,,,,,,,,,,,,,,,,,,,
